Smiles,Molecule,SinglePointEnergy[kJ/mol],nAtoms,DipoleMoment[Debye],MolecularWeight[g/mol],HOMO-1[kJ/mol],HOMO[kJ/mol],LUMO[kJ/mol],LUMO+1[kJ/mol],CoreStructure,N-1_subst,C-2_subst,N-3_subst,C-4_subst,C-5_subst,N-1_Avalue[kcal/mol],C-2_Avalue[kcal/mol],N-3_Avalue[kcal/mol],C-4_Avalue[kcal/mol],C-5_Avalue[kcal/mol],(N-1+C-2+N-3)_Avalue[kcal/mol],LUMO_N-1[%],LUMO_C-2[%],LUMO_N-3[%],LUMO_N-1+C-2+N-3[%],Charge_N-1,Charge_C-2,Charge_N-3,Charge_N-1+C-2+N-3,nImidazolium,GibbsFreeEnergy[a.u.],ReactionEnergy[kJ/mol],ReactionGibbsFreeEnergyChange[kJ/mol],LUMO-HOMO[kJ/mol]
Cn1c(-c2ccccc2)[n+](C)c2ccccc21,hmol_04,-689.747733949498,32,0.04321,223.293,-683.097339,-677.8647175,-178.208438,-75.9635915,III_benzimid,Methyl,phen,Methyl,Hydro,Hydro,1.803016771,3.620874142,1.803016771,0,0,7.226907684,0.067969,0.254996,0.067978,0.390943,-0.436856,0.521402,-0.437639,-0.353093,1,-689.52055967,-176.748065161584,-125.807133699896,499.6562795
Cc1cc(C)c(-c2n(C)c3ccccc3[n+]2C)c(C)c1,hmol_05,-807.642992598931,41,2.38588,265.37274,-674.2887865,-664.2908825,-150.257365,-83.9293585,III_benzimid,Methyl,TMP,Methyl,Hydro,Hydro,1.803016771,7.628118434,1.803016771,0,0,11.234151976,0.068998,0.317353,0.06892,0.455271,-0.425321,0.398559,-0.425231,-0.451993,1,-807.34044633,-136.376214516129,-79.6451726199985,514.0335175
Cn1c(-c2c(-c3ccccc3)cccc2-c2ccccc2)[n+](C)c2ccccc21,hmol_06,-1151.66830677827,52,2.57244,375.48492,-659.929927,-644.2688195,-176.218309,-119.2475845,III_benzimid,Methyl,TMOB,Methyl,Hydro,Hydro,1.803016771,6.045928531,1.803016771,0,0,9.651962073,0.061631,0.23749,0.061775,0.360896,-0.42447,0.397451,-0.423938,-0.450957,1,-1151.29021112,-130.454208736298,-85.3412998898788,468.0505105
Cn1c(-c2ccccc2)c(-c2ccccc2)[n+](C)c1-c1ccccc1,hmol_07,-998.087697486969,46,4.82281,325.42624,-693.982662,-623.45123,-150.2809945,-117.2732085,I_imid,Methyl,phen,Methyl,phen,phen,1.803016771,3.620874142,1.803016771,3.620874142,3.620874142,7.226907684,0.071855,0.184994,0.069692,0.326541,-0.396895,0.523054,-0.395372,-0.269213,1,-997.7537865,-133.487242563892,-85.0353503748423,473.1702355
Cc1cc(C)c(-c2n(C)c(-c3ccccc3)c(-c3ccccc3)[n+]2C)c(C)c1,hmol_08,-1115.98230703596,55,2.48688,367.50598,-660.801593,-631.585029,-114.414039,-102.951106,I_imid,Methyl,TMP,Methyl,phen,phen,1.803016771,7.628118434,1.803016771,3.620874142,3.620874142,11.234151976,0.020634,0.001599,0.018724,0.040957,-0.384463,0.402634,-0.384538,-0.366367,1,-1115.57229948,-89.8964312498033,-35.039266624662,517.17099
CCCCn1c(-c2ccccc2)c(-c2ccccc2)[n+](CCCC)c1-c1c(C)cc(C)cc1C,hmol_09,-1351.75154428636,73,1.22316,451.66546,-656.8554665,-655.4219435,-99.0154815,-86.384201,I_imid,Butyl,TMP,Butyl,phen,phen,1.602489835,7.628118434,1.602489835,3.620874142,3.620874142,10.833098104,0.01144,0.105227,0.066281,0.182948,-0.384423,0.433095,-0.390783,-0.342111,1,-1351.18105821,-70.8069188207726,-16.5095378251202,556.406462
Cc1c(C)c(-c2n(C)c(-c3ccccc3)c(-c3ccccc3)[n+]2C)c(C)c(C)c1-c1n(C)c(-c2ccccc2)c(-c2ccccc2)[n+]1C,hmol_10,-1921.19824954808,92,0.00295,628.846959999998,-640.4408405,-637.4792765,-137.0484745,-118.8957675,II_imid2,Methyl,TMP,Methyl,phen,phen,1.803016771,7.628118434,1.803016771,3.620874142,3.620874142,11.234151976,0.039333,0.0329425,0.013605,0.0858805,-0.00444900000000001,0.058128,-0.381651,-0.327972,2,-1920.49939112,-84.2045912850438,-28.0709533300536,500.430802
CCCCn1c(-c2ccccc2)c(-c2ccccc2)[n+](C)c1-c1c(C)c(C)c(-c2n(C)c(-c3ccccc3)c(-c3ccccc3)[n+]2CCCC)c(C)c1C,hmol_11,-2156.96759337824,110,4.10197,713.006439999998,-656.5509085,-639.5796765,-143.6857385,-114.603075,II_imid2,Methyl,TMP,Butyl,phen,phen,1.803016771,7.628118434,1.602489835,3.620874142,3.620874142,11.03362504,0.0203725,0.055925,0.020334,0.0966315,-0.385076,0.0625535,-0.381263,-0.7037855,2,-2156.10676477,-76.328679126553,-20.1693535494317,495.893938
CCn1c(-c2ccccc2)c(-c2ccccc2)[n+](CC)c1-c1c(C)c(C)c(-c2n(CC)c(-c3ccccc3)c(-c3ccccc3)[n+]2CC)c(C)c1C,hmol_12,-2078.38443344085,104,0.12047,684.953279999998,-648.540508,-644.570752,-141.5065735,-109.8587965,II_imid2,Ethyl,TMP,Ethyl,phen,phen,1.711067804,7.628118434,1.711067804,3.620874142,3.620874142,11.050254042,0.010689,0.071152,0.0133125,0.0951535,-0.3253175,0.401471,-0.089318,-0.0131645,2,-2077.57598915,-66.4501571723606,-11.8125970901021,503.0641785
CCCn1c(-c2ccccc2)c(-c2ccccc2)[n+](CCC)c1-c1c(C)c(C)c(-c2n(CCC)c(-c3ccccc3)c(-c3ccccc3)[n+]2CCC)c(C)c1C,hmol_13,-2235.55091638992,116,1.14844,741.059599999998,-666.1444855,-654.1301975,-128.271428,-100.981981,II_imid2,Propyl,TMP,Propyl,phen,phen,1.649728751,7.628118434,1.649728751,3.620874142,3.620874142,10.927575936,0.002659,0.018273,0.0045485,0.0254805,-0.3255025,0.0598855,-0.0934835,-0.3591005,2,-2234.63251113,-52.4717166855226,1.03765010992925,525.8587695
CCCCn1c(-c2ccccc2)c(-c2ccccc2)[n+](CCCC)c1-c1c(C)c(C)c(-c2n(CCCC)c(-c3ccccc3)c(-c3ccccc3)[n+]2CCCC)c(C)c1C,hmol_14,-2392.73795894461,128,0.2184,797.165919999998,-660.775338,-655.7370035,-130.8838005,-101.3206705,II_imid2,Butyl,TMP,Butyl,phen,phen,1.602489835,7.628118434,1.602489835,3.620874142,3.620874142,10.833098104,0.007621,0.025392,0.0085255,0.0415385,-0.3826255,0.0681705,-0.383268,-0.697723,2,-2391.7155575,-65.5792918504656,-6.12689305453591,524.853203
Cc1n(C)cc[n+]1C,rmol_01,-344.503529534165,19,0.7604,111.16494,-828.3321225,-699.6563675,-58.9503515,30.524063,I_imid,Methyl,Methyl,Methyl,Hydro,Hydro,1.803016771,1.803016771,1.803016771,0,0,5.409050313,0.150292,0.46828,0.14707,0.765642,-0.356098,0.407477,-0.356244,-0.304865,1,-344.37001489,-123.499937531596,-69.6040791450831,640.706016
Cc1c[n+](C)c(C)n1C,rmol_02,-383.805850371573,22,1.65587,125.19152,-812.6736405,-670.720732,-50.4096,47.0148285,I_imid,Methyl,Methyl,Methyl,Hydro,Methyl,1.803016771,1.803016771,1.803016771,0,1.803016771,5.409050313,0.141901,0.458894,0.153576,0.754371,-0.357402,0.399933,-0.390368,-0.347837,1,-383.6467039,-119.323087460642,-64.4012833250915,620.311132
Cc1c(C)[n+](C)c(C)n1C,rmol_03,-423.106184557117,25,2.23242,139.2181,-798.482813,-643.6334485,-47.090968,62.728446,I_imid,Methyl,Methyl,Methyl,Methyl,Methyl,1.803016771,1.803016771,1.803016771,1.803016771,1.803016771,5.409050313,0.14567,0.460698,0.145838,0.752206,-0.393675,0.401227,-0.393817,-0.386265,1,-422.92034139,-112.897928051555,-58.939718225031,596.5424805
CCCc1c(CCC)[n+](C)c(CCC)n1C,rmol_04,-658.874934813906,43,3.60468,223.37758,-795.626269,-639.3853895,-46.723398,37.528897,I_imid,Methyl,Propyl,Methyl,Propyl,Propyl,1.803016771,1.649728751,1.803016771,1.649728751,1.649728751,5.255762293,0.148927,0.450621,0.143186,0.742734,-0.40989,0.45235,-0.410113,-0.367653,1,-658.52664672,-79.3809203218931,-29.6449143250884,592.6619915
Cn1c(C(C)(C)C)c(C(C)(C)C)[n+](C)c1C(C)(C)C,rmol_05,-776.685837618516,52,3.44793,265.45732,-784.6227985,-643.751596,-73.697785,-23.9104285,I_imid,Methyl,t-Butyl,Methyl,t-Butyl,t-Butyl,1.803016771,4.972259776,1.803016771,4.972259776,4.972259776,8.578293318,0.139452,0.452475,0.150065,0.741992,-0.403113,0.544222,-0.414307,-0.273198,1,-776.25481729,-150.133251802067,-105.442836775135,570.053811
CCn1c(C)c[n+](CC)c1C,rmol_06,-462.401109581765,28,1.49142,153.24468,-806.910668,-670.358413,-52.1555575,40.7556365,I_imid,Ethyl,Methyl,Ethyl,Hydro,Methyl,1.711067804,1.803016771,1.711067804,0,1.803016771,5.225152379,0.148264,0.457325,0.144127,0.749716,-0.348219,0.407053,-0.383414,-0.32458,1,-462.18645165,-99.3121085757635,-53.1544814852026,618.2028555
CCc1c(CC)[n+](C)c(C)n1C,rmol_07,-501.693685484134,31,4.13015,167.27126,-798.9685305,-642.7040215,-48.1490445,33.963468,I_imid,Methyl,Methyl,Methyl,Ethyl,Ethyl,1.803016771,1.803016771,1.803016771,1.711067804,1.711067804,5.409050313,0.147076,0.458051,0.141879,0.747006,-0.397193,0.401047,-0.39856,-0.394706,1,-501.45359258,-101.209020159361,-47.2201163446761,594.554977
CCCc1c(CCC)[n+](CCC)c(CCC)n1CCC,rmol_08,-816.048244120492,55,2.0895,279.4839,-784.278858,-637.2902405,-57.797757,28.3370215,I_imid,Propyl,Propyl,Propyl,Propyl,Propyl,1.649728751,1.649728751,1.649728751,1.649728751,1.649728751,4.949186253,0.138985,0.435393,0.151044,0.725422,-0.404141,0.463065,-0.403319,-0.344395,1,-815.59208427,-108.471056656413,-60.4913887249937,579.4924835
CC(C)(C)c1c(C(C)(C)C)[n+](C(C)(C)C)c(C(C)(C)C)n1C(C)(C)C,rmol_09,-1012.34273873002,70,2.77089,349.616800000001,-727.2241175,-614.2488525,-175.483169,-40.647991,I_imid,t-Butyl,t-Butyl,t-Butyl,t-Butyl,t-Butyl,4.972259776,4.972259776,4.972259776,4.972259776,4.972259776,14.916779328,0.090001,0.358676,0.128185,0.576862,-0.432771,0.501413,-0.375778,-0.307136,1,-1011.75106554,-218.820749495207,-164.877120434691,438.7656835
Cn1c(C(C)(C)C)c(C(C)(C)C)[n+](C(C)(C)C)c1C(C)(C)C,rmol_10,-894.521008707224,61,3.42326,307.537060000001,-753.0432845,-616.8270935,-160.622839,-34.9795365,I_imid,Methyl,t-Butyl,t-Butyl,t-Butyl,t-Butyl,1.803016771,4.972259776,4.972259776,4.972259776,4.972259776,11.747536323,0.127033,0.347037,0.086529,0.560599,-0.383463,0.508734,-0.400126,-0.274855,1,-894.01060259,-191.553230008842,-142.632177860171,456.2042545
Cc1cccc(C)c1-c1n(C)c(-c2ccccc2)c(-c2ccccc2)[n+]1C,rmol_11,-1076.68290204501,52,3.10435,353.4794,-665.863557,-635.470769,-113.7655405,-107.529978,I_imid,Methyl,DMP,Methyl,phen,phen,1.803016771,8.431506296,1.803016771,3.620874142,3.620874142,12.037539838,0.019318,0.001454,0.019171,0.039943,-0.384199,0.402037,-0.382626,-0.364788,1,-1076.29892292,-91.4176646805994,-35.9087534602098,521.7052285
Cn1c(Cc2ccccc2)c(Cc2ccccc2)[n+](C)c1Cc1ccccc1,rmol_12,-1115.97272159993,55,5.62127,367.50598,-664.2541255,-643.8854965,-80.949416,-48.666268,I_imid,Methyl,Bz,Methyl,Bz,Bz,1.803016771,1.541420611,1.803016771,1.541420611,1.541420611,5.147454153,0.117614,0.362449,0.122804,0.602867,-0.402094,0.436411,-0.405407,-0.37109,1,-1115.55797485,-138.39586155843,-87.7698873900154,562.9360805
Cc1cccc(C)c1-c1n(-c2ccccc2)c(-c2ccccc2)c(-c2ccccc2)[n+]1-c1ccccc1,rmol_13,-1459.99926864759,66,1.54834,477.61816,-662.145849,-643.284257,-130.6527565,-121.3479845,I_imid,phen,DMP,phen,phen,phen,3.620874142,8.431506296,3.620874142,3.620874142,3.620874142,15.67325458,0.084204,0.298111,0.095898,0.478213,-0.404373,0.415209,-0.406636,-0.3958,1,-1459.51640077,-126.600980229662,-72.3311859948839,512.6315005
Cc1cccc(C)c1Cc1n(Cc2ccccc2)c(Cc2ccccc2)c(Cc2ccccc2)[n+]1Cc1ccccc1,rmol_14,-1656.47603807401,81,2.87272,547.751059999998,-644.8569315,-642.270814,-90.243686,-63.1774065,I_imid,Bz,DMBz,Bz,Bz,Bz,1.541420611,2.127721562,1.541420611,1.541420611,1.541420611,5.210562784,0.114616,0.360847,0.114514,0.589977,-0.394911,0.480854,-0.424715,-0.338772,1,-1655.85521425,-116.674764475179,-68.259744379982,552.027128
C[n+]1c(Cc2ccccc2)c(Cc2ccccc2)n(-c2ccccc2)c1Cc1ccccc1,rmol_15,-1307.63522977591,62,4.19533,429.57536,-665.270194,-640.4565935,-90.280443,-87.2374885,I_imid,phen,Bz,Methyl,Bz,Bz,3.620874142,1.541420611,1.803016771,1.541420611,1.541420611,6.965311524,0.088425,0.208844,0.059775,0.357044,-0.403498,0.424308,-0.409714,-0.388904,1,-1307.17191812,-133.633390091886,-84.6514235100326,550.1761505
C[n+]1c(-c2ccccc2)c(-c2ccccc2)n(Cc2ccccc2)c1-c1ccccc1,rmol_16,-1229.04399031521,56,4.2819,401.5222,-674.8663965,-632.871524,-143.7382485,-112.9253805,I_imid,Bz,phen,Methyl,phen,phen,1.541420611,3.620874142,1.803016771,3.620874142,3.620874142,6.965311524,0.076835,0.193528,0.061689,0.332052,-0.391951,0.527043,-0.398549,-0.263457,1,-1228.63454816,-137.009236200122,-86.0527053700885,489.1332755
CCC[n+]1c(CC)c(CC)n(-c2c(OC)cc(OC)cc2OC)c1-c1c(OC)cccc1OC,rmol_17,-1536.08835036038,71,2.85283,469.59308,-607.8531345,-596.550357,-104.473896,-35.7829395,I_imid,TMOB,DMOB,Propyl,Ethyl,Ethyl,6.045928531,6.042753333,1.649728751,1.711067804,1.711067804,13.738410615,0.075052,0.203879,0.07074,0.349671,-0.391817,0.590402,-0.401433,-0.202848,1,-1535.54811553,-53.7406207084775,-9.96933856045177,492.076461
CCCn1c(C)c(C)[n+](CCC)c1-c1c(OC)cc(OC)cc1OC,rmol_18,-1115.44318165075,56,4.13723,347.471740000001,-620.3347615,-605.146244,-62.933235,-36.904028,I_imid,Propyl,TMOB,Propyl,Methyl,Methyl,1.649728751,6.045928531,1.649728751,1.803016771,1.803016771,9.345386033,0.124547,0.359975,0.122459,0.606981,-0.386211,0.587646,-0.388018,-0.186583,1,-1115.0121727,-30.9065941152393,16.751372630038,542.213009
COc1cccc(OC)c1-c1n(-c2ccccc2)c(C)c(C)[n+]1-c1ccccc1,rmol_19,-1227.08250024441,54,1.6451,385.4782,-651.197514,-613.847151,-107.524727,-88.143286,I_imid,phen,DMOB,phen,Methyl,Methyl,3.620874142,6.042753333,3.620874142,1.803016771,1.803016771,13.284501617,0.072306,0.222649,0.07215,0.367105,-0.40215,0.615268,-0.403171,-0.190053,1,-1226.69274855,-97.1967266010539,-42.244137470076,506.322424
CCc1c(CC)[n+](Cc2ccccc2)c(-c2c(OC)cc(OC)cc2OC)n1Cc1ccccc1,rmol_20,-1498.76268191948,70,2.89373,471.6105,-620.5237975,-599.601188,-96.2902125,-54.5500135,I_imid,Bz,TMOB,Bz,Ethyl,Ethyl,1.541420611,6.045928531,1.541420611,1.711067804,1.711067804,9.128769753,0.105233,0.299272,0.105879,0.510384,-0.405558,0.603202,-0.401807,-0.204163,1,-1498.2324217,-52.6743566464363,-4.85055873980036,503.3109755
Cc1n(C)c2ccccc2[n+]1C,rmol_21,-498.088590471599,25,5.61558,161.22362,-683.73271,-679.8968545,-141.734992,-32.0757335,III_benzimid,Methyl,Methyl,Methyl,Hydro,Hydro,1.803016771,1.803016771,1.803016771,0,0,5.409050313,0.061046,0.311454,0.06148,0.43398,-0.440585,0.409733,-0.440808,-0.47166,1,-497.91107765,-177.516134077248,-124.634769184957,538.1618625
Cc1ccc2c(c1)n(C)c(C)[n+]2C,rmol_22,-537.387223226709,28,6.59306,175.2502,-675.084313,-655.072752,-133.947759,-28.833241,III_benzimid,Methyl,Methyl,Methyl,Hydro,Methyl,1.803016771,1.803016771,1.803016771,0,1.803016771,5.409050313,0.069287,0.319043,0.061084,0.449414,-0.441347,0.409157,-0.444135,-0.476325,1,-537.18462532,-175.106578960834,-123.152333119996,521.124993
Cc1cc2c(cc1C)[n+](C)c(C)n2C,rmol_23,-576.685351397122,31,7.30621,189.27678,-659.1764085,-642.0318935,-126.9140445,-18.473018,III_benzimid,Methyl,Methyl,Methyl,Methyl,Methyl,1.803016771,1.803016771,1.803016771,1.803016771,1.803016771,5.409050313,0.067667,0.323446,0.067438,0.458551,-0.446777,0.399597,-0.44326,-0.49044,1,-576.45620538,-164.635020538564,-114.344752055023,515.117849
CCCc1cc2c(cc1CCC)[n+](C)c(CCC)n2C,rmol_24,-812.449894435318,49,9.73808,273.43626,-654.0041735,-640.9606895,-137.4265465,-21.571108,III_benzimid,Methyl,Propyl,Methyl,Propyl,Propyl,1.803016771,1.649728751,1.803016771,1.649728751,1.649728751,5.255762293,0.065796,0.31232,0.064606,0.442722,-0.45035,0.454854,-0.448506,-0.444002,1,-812.05929494,-168.850656577263,-119.050173155201,503.534143
Cn1c(C(C)(C)C)[n+](C)c2cc(C(C)(C)C)c(C(C)(C)C)cc21,rmol_25,-930.271956711254,58,9.74538,315.516000000001,-654.6080385,-644.8149235,-138.442615,-30.3429035,III_benzimid,Methyl,t-Butyl,Methyl,t-Butyl,t-Butyl,1.803016771,4.972259776,1.803016771,4.972259776,4.972259776,8.578293318,0.079847,0.356447,0.078463,0.514757,-0.453431,0.568709,-0.474628,-0.35935,1,-929.79931421,-193.254005463224,-146.325416200028,506.3723085
CCn1c(C)[n+](CC)c2ccc(C)cc21,rmol_26,-615.983207980214,34,5.5968,203.30336,-672.380048,-652.9487225,-132.136164,-26.3573945,III_benzimid,Ethyl,Methyl,Ethyl,Hydro,Methyl,1.711067804,1.803016771,1.711067804,0,1.803016771,5.225152379,0.069268,0.31731,0.061364,0.447942,-0.433879,0.419229,-0.434745,-0.449395,1,-615.72564941,-165.603010139285,-116.919291100128,520.8125585
CCc1cc2c(cc1CC)[n+](C)c(C)n2C,rmol_27,-655.272287576006,37,9.87828,217.32994,-656.611295,-642.9508185,-132.2385585,-23.5953685,III_benzimid,Methyl,Methyl,Methyl,Ethyl,Ethyl,1.803016771,1.803016771,1.803016771,1.711067804,1.711067804,5.409050313,0.064218,0.315659,0.064362,0.444239,-0.444315,0.39981,-0.446556,-0.491061,1,-654.98806159,-171.555679013205,-123.055872249887,510.71226
CCCc1cc2c(cc1CCC)[n+](CCC)c(CCC)n2CCC,rmol_28,-969.630412883853,61,7.78983,329.542580000001,-647.800117,-637.1169575,-137.20863,-19.932796,III_benzimid,Propyl,Propyl,Propyl,Propyl,Propyl,1.649728751,1.649728751,1.649728751,1.649728751,1.649728751,4.949186253,0.069648,0.325526,0.072443,0.467617,-0.442302,0.467592,-0.438277,-0.412987,1,-969.13102976,-144.434064761595,-97.4218029999851,499.9083275
CC(C)(C)c1cc2c(cc1C(C)(C)C)[n+](C(C)(C)C)c(C(C)(C)C)n2C(C)(C)C,rmol_29,-1165.98561050807,76,7.59526,399.675480000001,-643.3393925,-635.2370995,-203.89633,-37.129821,III_benzimid,t-Butyl,t-Butyl,t-Butyl,t-Butyl,t-Butyl,4.972259776,4.972259776,4.972259776,4.972259776,4.972259776,14.916779328,0.119719,0.447148,0.120275,0.687142,-0.434971,0.513194,-0.435578,-0.357355,1,-1165.35067814,-234.42427626958,-185.83955877055,431.3407695
Cn1c(C(C)(C)C)[n+](C(C)(C)C)c2cc(C(C)(C)C)c(C(C)(C)C)cc21,rmol_30,-1048.12714912381,67,8.53964,357.595740000001,-649.6983535,-638.0831415,-165.1885835,-42.265299,III_benzimid,Methyl,t-Butyl,t-Butyl,t-Butyl,t-Butyl,1.803016771,4.972259776,4.972259776,4.972259776,4.972259776,11.747536323,0.108673,0.421333,0.102076,0.632082,-0.451615,0.54753,-0.443879,-0.347964,1,-1047.57320988,-216.991958110343,-172.848348475029,472.894558
Cc1cccc(C)c1-c1n(C)c2cc(-c3ccccc3)c(-c3ccccc3)cc2[n+]1C,rmol_31,-1230.26469943889,58,10.30109,403.53808,-654.9283495,-616.325623,-161.7649315,-106.747579,III_benzimid,Methyl,DMP,Methyl,phen,phen,1.803016771,8.431506296,1.803016771,3.620874142,3.620874142,12.037539838,0.060473,0.289681,0.06021,0.410364,-0.430288,0.393748,-0.430595,-0.467135,1,-1229.8372305,-137.405017069084,-81.5858109448896,454.5606915
Cn1c(Cc2ccccc2)[n+](C)c2cc(Cc3ccccc3)c(Cc3ccccc3)cc21,rmol_32,-1269.5544207525,61,12.45735,417.56466,-646.156554,-644.0535285,-149.81103,-52.6491515,III_benzimid,Methyl,Bz,Methyl,Bz,Bz,1.803016771,1.541420611,1.803016771,1.541420611,1.541420611,5.147454153,0.066461,0.303702,0.066138,0.436301,-0.448266,0.451622,-0.449385,-0.446029,1,-1269.09666177,-182.795191869387,-134.688622589996,494.2424985
Cc1cccc(C)c1-c1n(-c2ccccc2)c2cc(-c3ccccc3)c(-c3ccccc3)cc2[n+]1-c1ccccc1,rmol_33,-1613.58131837702,72,7.30683,527.676839999999,-657.593232,-620.311132,-184.667168,-115.7136615,III_benzimid,phen,DMP,phen,phen,phen,3.620874142,8.431506296,3.620874142,3.620874142,3.620874142,15.67325458,0.07678,0.331988,0.076889,0.485657,-0.456901,0.410916,-0.45737,-0.503355,1,-1613.05536688,-104.099802504245,-45.5644497895969,435.643964
Cc1cccc(C)c1Cc1n(Cc2ccccc2)c2cc(Cc3ccccc3)c(Cc3ccccc3)cc2[n+]1Cc1ccccc1,rmol_34,-1810.0573676596,87,7.00957,597.809739999998,-646.482116,-632.3648025,-155.387592,-64.261738,III_benzimid,Bz,DMBz,Bz,Bz,Bz,1.541420611,2.127721562,1.541420611,1.541420611,1.541420611,5.210562784,0.069301,0.327122,0.068922,0.465345,-0.467352,0.497834,-0.456255,-0.425773,1,-1809.39511003,-174.052945508141,-122.155430769558,476.9772105
C[n+]1c(Cc2ccccc2)n(-c2ccccc2)c2cc(Cc3ccccc3)c(Cc3ccccc3)cc21,rmol_35,-1461.21569449345,68,8.95149,479.63404,-654.7288115,-644.5786285,-150.551421,-87.4422775,III_benzimid,phen,Bz,Methyl,Bz,Bz,3.620874142,1.541420611,1.803016771,1.541420611,1.541420611,6.965311524,0.076346,0.330089,0.074671,0.481106,-0.44812,0.457869,-0.461299,-0.45155,1,-1460.70788339,-185.803072997207,-138.421348450135,494.0272075
C[n+]1c(-c2ccccc2)n(Cc2ccccc2)c2cc(-c3ccccc3)c(-c3ccccc3)cc21,rmol_36,-1382.62534842306,62,9.99363,451.58088,-653.870273,-616.294117,-182.7741825,-108.0944605,III_benzimid,Bz,phen,Methyl,phen,phen,1.541420611,3.620874142,1.803016771,3.620874142,3.620874142,6.965311524,0.068714,0.268004,0.063159,0.399877,-0.440363,0.525229,-0.441082,-0.356216,1,-1382.17284845,-193.112072553632,-142.613274260398,433.5199345
CCC[n+]1c(-c2c(OC)cccc2OC)n(-c2c(OC)cc(OC)cc2OC)c2cc(CC)c(CC)cc21,rmol_37,-1689.66689973317,77,3.62636,519.65176,-610.5101405,-599.412152,-149.5301015,-72.784111,III_benzimid,TMOB,DMOB,Propyl,Ethyl,Ethyl,6.045928531,6.042753333,1.649728751,1.711067804,1.711067804,13.738410615,0.077049,0.30894,0.07102,0.457009,-0.437579,0.612924,-0.450675,-0.27533,1,-1689.08361081,-118.015717498769,-71.1381587952693,449.8820505
CCCn1c(-c2c(OC)cc(OC)cc2OC)[n+](CCC)c2cc(C)c(C)cc21,rmol_38,-1269.02283828946,62,1.64945,397.53042,-622.773851,-605.561073,-139.0281015,-43.247236,III_benzimid,Propyl,TMOB,Propyl,Methyl,Methyl,1.649728751,6.045928531,1.649728751,1.803016771,1.803016771,9.345386033,0.078153,0.314448,0.076531,0.469132,-0.432681,0.587784,-0.431447,-0.276344,1,-1268.54873331,-122.045006309253,-72.3860326901125,466.5329715
COc1cccc(OC)c1-c1n(-c2ccccc2)c2cc(C)c(C)cc2[n+]1-c1ccccc1,rmol_39,-1380.66018629685,60,1.08914,435.53688,-655.1698955,-617.680381,-151.087023,-91.178364,III_benzimid,phen,DMOB,phen,Methyl,Methyl,3.620874142,6.042753333,3.620874142,1.803016771,1.803016771,13.284501617,0.08792,0.358038,0.088128,0.534086,-0.455329,0.627028,-0.454803,-0.283104,1,-1380.22492634,-154.433477126863,-107.747605695549,466.593358
CCc1cc2c(cc1CC)[n+](Cc1ccccc1)c(-c1c(OC)cc(OC)cc1OC)n2Cc1ccccc1,rmol_40,-1652.34014648521,76,2.30509,521.66918,-625.163056,-606.8711975,-155.3324565,-60.5781615,III_benzimid,Bz,TMOB,Bz,Ethyl,Ethyl,1.541420611,6.045928531,1.541420611,1.711067804,1.711067804,9.128769753,0.078755,0.319206,0.077993,0.475954,-0.436896,0.608731,-0.448143,-0.276308,1,-1651.7658708,-127.598920796171,-77.4445310301043,451.538741
Cc1c(C)c(-c2n(C)cc[n+]2C)c(C)c(C)c1-c1n(C)cc[n+]1C,rmol_41,-997.347339830101,52,0.01348,324.46312,-717.86421,-655.130513,-121.7733155,-84.1078925,II_imid2,Methyl,TMP,Methyl,Hydro,Hydro,1.803016771,7.628118434,1.803016771,0,0,11.234151976,0.004163,0.02073,0.0027385,0.0276315,-0.3436385,0.1989605,-0.3009225,-0.4456005,2,-996.94669945,-80.6198730098342,-29.5030585594884,533.3571975
Cc1c(C)c(-c2n(C)c(C)c[n+]2C)c(C)c(C)c1-c1n(C)c(C)c[n+]1C,rmol_42,-1075.95408753454,58,0.28114,352.516280000001,-689.498308,-654.1196955,-122.1776425,-71.7942975,II_imid2,Methyl,TMP,Methyl,Hydro,Methyl,1.803016771,7.628118434,1.803016771,0,1.803016771,11.234151976,0.0047935,0.0200445,0.00266,0.027498,-0.3762105,0.2169295,-0.298163,-0.457444,2,-1075.50484632,-37.5581558555365,19.1343026850719,531.942053
Cc1c(C)c(-c2n(C)c(C)c(C)[n+]2C)c(C)c(C)c1-c1n(C)c(C)c(C)[n+]1C,rmol_43,-1154.55779784842,64,0.00132,380.569440000001,-659.9325525,-651.9405305,-118.058233,-68.6226935,II_imid2,Methyl,TMP,Methyl,Methyl,Methyl,1.803016771,7.628118434,1.803016771,1.803016771,1.803016771,11.234151976,0.00344,0.0197075,0.002458,0.0256055,-0.3813005,0.2181225,-0.3178775,-0.4810555,2,-1154.05704157,-66.4534231219201,-9.02127051054708,533.8822975
CCCc1c(CCC)[n+](C)c(-c2c(C)c(C)c(-c3n(C)c(CCC)c(CCC)[n+]3C)c(C)c2C)n1C,rmol_44,-1468.912224898,88,0.68423,492.782080000001,-654.6710505,-651.985164,-118.173755,-69.7411565,II_imid2,Methyl,TMP,Methyl,Propyl,Propyl,1.803016771,7.628118434,1.803016771,1.649728751,1.649728751,11.234151976,0.0036615,0.019761,0.0024975,0.02592,-0.386632,0.2459925,-0.32082,-0.4614595,2,-1468.19665574,-67.3411722969903,-6.72850012480194,533.811409
Cc1c(C)c(-c2n(C)c(C(C)(C)C)c(C(C)(C)C)[n+]2C)c(C)c(C)c1-c1n(C)c(C(C)(C)C)c(C(C)(C)C)[n+]1C,rmol_45,-1625.99618245034,100,0.13647,548.888399999999,-658.9768705,-654.6552975,-137.8781325,-74.480184,II_imid2,Methyl,TMP,Methyl,t-Butyl,t-Butyl,1.803016771,7.628118434,1.803016771,4.972259776,4.972259776,11.234151976,0.0207055,0.047577,0.014098,0.0823805,-0.389528,0.3165675,-0.328995,-0.4019555,2,-1625.16650422,-74.3324714380371,-22.8017848700923,516.777165
CCn1cc(C)[n+](CC)c1-c1c(C)c(C)c(-c2n(CC)cc(C)[n+]2CC)c(C)c1C,rmol_46,-1233.14233096674,70,0.23605,408.622600000001,-683.7405865,-654.736688,-125.4437645,-73.587514,II_imid2,Ethyl,TMP,Ethyl,Hydro,Methyl,1.711067804,7.628118434,1.711067804,0,1.803016771,11.050254042,0.00607,0.030518,0.006105,0.042693,-0.305685,0.023684,-0.320355,-0.602356,2,-1232.58470873,-64.373956882356,-10.0764327047426,529.2929235
CCc1c(CC)[n+](C)c(-c2c(C)c(C)c(-c3n(C)c(CC)c(CC)[n+]3C)c(C)c2C)n1C,rmol_47,-1311.73216640528,76,0.0159,436.675760000001,-658.711695,-652.147945,-119.412991,-69.7359055,II_imid2,Methyl,TMP,Methyl,Ethyl,Ethyl,1.803016771,7.628118434,1.803016771,1.711067804,1.711067804,11.234151976,0.0050585,0.022477,0.003719,0.0312545,-0.384054,0.243641,-0.3198285,-0.4602415,2,-1311.12289925,-55.584086187783,1.82532636505084,532.734954
CCCc1c(CCC)[n+](CCC)c(-c2c(C)c(C)c(-c3n(CCC)c(CCC)c(CCC)[n+]3CCC)c(C)c2C)n1CCC,rmol_48,-1783.25927245982,112,2.38635,604.994719999997,-653.5998465,-651.75412,-118.089739,-78.8568925,II_imid2,Propyl,TMP,Propyl,Propyl,Propyl,1.649728751,7.628118434,1.649728751,1.649728751,1.649728751,10.927575936,0.0024515,0.019523,0.0024965,0.024471,-0.334256,0.0619895,-0.236748,-0.5090145,2,-1782.32164293,9.52483863712803,61.4952749053007,533.664381
Cc1c(C)c(-c2n(C(C)(C)C)c(C(C)(C)C)c(C(C)(C)C)[n+]2C(C)(C)C)c(C)c(C)c1-c1n(C(C)(C)C)c(C(C)(C)C)c(C(C)(C)C)[n+]1C(C)(C)C,rmol_49,-2097.37250100574,136,0.05543,717.207359999997,-617.2944325,-614.0283105,-188.5975415,-114.771107,II_imid2,t-Butyl,TMP,t-Butyl,t-Butyl,t-Butyl,4.972259776,7.628118434,4.972259776,4.972259776,4.972259776,17.572637986,0.0219885,0.0572355,0.0225725,0.1017965,-0.338524,0.061825,-0.23856,-0.515259,2,-2096.21584266,-28.5242399155729,26.2232839592921,425.430769
Cc1c(C)c(-c2n(C(C)(C)C)c(C(C)(C)C)c(C(C)(C)C)[n+]2C)c(C)c(C)c1-c1n(C(C)(C)C)c(C(C)(C)C)c(C(C)(C)C)[n+]1C,rmol_50,-1861.69404482027,118,2.76243,633.047879999997,-648.566763,-644.8411785,-166.6221065,-101.6514835,II_imid2,Methyl,TMP,t-Butyl,t-Butyl,t-Butyl,1.803016771,7.628118434,4.972259776,4.972259776,4.972259776,14.403394981,0.043068,0.0628305,0.014301,0.1201995,-0.405168,0.3150655,-0.320195,-0.4102975,2,-1860.70169129,-60.572569686673,-2.32235977004063,478.219072
Cc1c(C)c(-c2n(C)c(-c3ccccc3)c(-c3ccccc3)[n+]2C)c(C)c(C)c1-c1n(C)c(-c2ccccc2)c(-c2ccccc2)[n+]1C,rmol_51,-1921.19833195983,92,0.09443,628.846959999998,-640.2255495,-638.4612135,-139.1278705,-117.7668025,II_imid2,Methyl,TMP,Methyl,phen,phen,1.803016771,7.628118434,1.803016771,3.620874142,3.620874142,11.234151976,0.0154565,0.037441,0.0085425,0.06144,-0.3817915,0.284157,-0.319773,-0.4174075,2,-1920.49938645,-84.2499361437384,-27.8560824103334,499.333343
Cc1c(C)c(-c2n(C)c(Cc3ccccc3)c(Cc3ccccc3)[n+]2C)c(C)c(C)c1-c1n(C)c(Cc2ccccc2)c(Cc2ccccc2)[n+]1C,rmol_52,-2078.37987562181,104,11.18838,684.953279999998,-649.779744,-648.7636755,-121.817949,-73.1333025,II_imid2,Methyl,TMP,Methyl,Bz,Bz,1.803016771,7.628118434,1.803016771,1.541420611,1.541420611,11.234151976,0.0033855,0.020251,0.00266,0.0262965,-0.385357,0.243396,-0.320179,-0.46214,2,-2077.57293738,-70.1159781677293,-18.6629729254739,526.9457265
Cc1c(C)c(-c2n(-c3ccccc3)c(-c3ccccc3)c(-c3ccccc3)[n+]2-c2ccccc2)c(C)c(C)c1-c1n(-c2ccccc2)c(-c2ccccc2)c(-c2ccccc2)[n+]1-c1ccccc1,rmol_53,-2687.83313661261,120,0.1041,877.124479999999,-649.3780425,-648.65603,-145.7336285,-130.6842625,II_imid2,phen,TMP,phen,phen,phen,3.620874142,7.628118434,3.620874142,3.620874142,3.620874142,14.869866718,0.0164775,0.053809,0.0164425,0.086729,-0.28775,0.0620345,-0.2519465,-0.477662,2,-2686.93655874,-115.250653314407,-58.0925218854507,502.9224015
Cc1c(C)c(-c2n(Cc3ccccc3)c(Cc3ccccc3)c(Cc3ccccc3)[n+]2Cc2ccccc2)c(C)c(C)c1-c1n(Cc2ccccc2)c(Cc2ccccc2)c(Cc2ccccc2)[n+]1Cc1ccccc1,rmol_54,-3002.20107312629,144,2.31355,989.337119999999,-652.96185,-650.5857725,-126.1473985,-98.860577,II_imid2,Bz,TMP,Bz,Bz,Bz,1.541420611,7.628118434,1.541420611,1.541420611,1.541420611,10.710959656,0.0022395,0.0204125,0.002892,0.025544,-0.2920765,0.1327185,-0.2353955,-0.3947535,2,-3001.08392304,-81.4436650461016,-34.5503985242844,524.438374
Cc1c(C)c(-c2n(C)c(Cc3ccccc3)c(Cc3ccccc3)[n+]2-c2ccccc2)c(C)c(C)c1-c1n(C)c(Cc2ccccc2)c(Cc2ccccc2)[n+]1-c1ccccc1,rmol_55,-2461.69797611493,118,4.517,809.092039999998,-651.6097175,-649.4042975,-127.7594555,-101.3941845,II_imid2,phen,TMP,Methyl,Bz,Bz,3.620874142,7.628118434,1.803016771,1.541420611,1.541420611,13.052009347,0.003574,0.019986,0.003227,0.026787,-0.264049,0.051469,-0.274621,-0.487201,2,-2460.79307978,-93.2313799675244,-33.2098444805408,521.644842
Cc1c(C)c(-c2n(C)c(-c3ccccc3)c(-c3ccccc3)[n+]2Cc2ccccc2)c(C)c(C)c1-c1n(C)c(-c2ccccc2)c(-c2ccccc2)[n+]1Cc1ccccc1,rmol_56,-2383.10831613453,112,2.60837,781.038879999999,-654.0304285,-644.203182,-144.7464405,-114.645083,II_imid2,Bz,TMP,Methyl,phen,phen,1.541420611,7.628118434,1.803016771,3.620874142,3.620874142,10.972555816,0.007517,0.0238745,0.006317,0.0377085,-0.204448,0.1596395,-0.2987355,-0.343544,2,-2382.25654431,-92.341178059339,-35.5365100698184,499.4567415
CCC[n+]1c(CC)c(CC)n(-c2c(OC)cc(OC)cc2OC)c1-c1c(C)c(C)c(-c2n(-c3c(OC)cc(OC)cc3OC)c(CC)c(CC)[n+]2CCC)c(C)c1C,rmol_57,-2539.20697691215,126,5.28627,797.076719999998,-607.005098,-606.101926,-127.4706505,-74.600957,II_imid2,TMOB,TMP,Propyl,Ethyl,Ethyl,6.045928531,7.628118434,1.649728751,1.711067804,1.711067804,15.323775716,0.009769,0.032514,0.0098715,0.0521545,-0.332153,0.0685515,-0.3127905,-0.576392,2,-2538.21131273,-68.1662814051649,-13.0717868896691,478.6312755
CCCn1c(C)c(C)[n+](CCC)c1-c1c(C)c(C)c(-c2n(CCC)c(C)c(C)[n+]2CCC)c(C)c1C,rmol_58,-1468.92190259752,88,1.66277,492.782080000001,-658.564667,-652.778065,-122.2721605,-73.335466,II_imid2,Propyl,TMP,Propyl,Methyl,Methyl,1.649728751,7.628118434,1.649728751,1.803016771,1.803016771,10.927575936,0.009609,0.032758,0.0092805,0.0516475,-0.3248595,0.064141,-0.320778,-0.5814965,2,-1468.20335058,-46.4697896023702,8.80424667971602,530.5059045
Cc1c(C)c(-c2n(-c3ccccc3)c(C)c(C)[n+]2-c2ccccc2)c(C)c(C)c1-c1n(-c2ccccc2)c(C)c(C)[n+]1-c1ccccc1,rmol_59,-1921.19376515884,92,0.01074,628.846959999998,-676.6202305,-653.7048665,-123.2015875,-102.0190535,II_imid2,phen,TMP,phen,Methyl,Methyl,3.620874142,7.628118434,3.620874142,1.803016771,1.803016771,14.869866718,0.00208,0.0190975,0.0021105,0.023288,-0.3191005,0.06543,-0.3189505,-0.572621,2,-1920.49574984,-95.1559416773326,-39.5073950349443,530.503279
CCc1c(CC)[n+](Cc2ccccc2)c(-c2c(C)c(C)c(-c3n(Cc4ccccc4)c(CC)c(CC)[n+]3Cc3ccccc3)c(C)c2C)n1Cc1ccccc1,rmol_60,-2235.5559121833,116,0.54303,741.059599999998,-659.378572,-652.4761325,-144.938102,-85.932615,II_imid2,Bz,TMP,Bz,Ethyl,Ethyl,1.541420611,7.628118434,1.541420611,1.711067804,1.711067804,10.710959656,0.0135505,0.039529,0.01385,0.0669295,-0.3186845,0.081983,-0.226597,-0.4632985,2,-2234.63803675,-60.4847836305385,-9.4614093298776,507.5380305
Cc1cc(C)c(-c2n(C)c3ccccc3[n+]2C)c(C)c1-c1n(C)c2ccccc2[n+]1C,rmol_61,-1265.2253397841,61,0.8926,410.5539,-688.6345185,-688.45861,-171.035572,-151.7827805,IV_imid3,Methyl,TMP,Methyl,Hydro,Hydro,1.803016771,7.628118434,1.803016771,0,0,11.234151976,0.0357415,0.1114615,0.02212,0.169323,-0.267202,0.163743,-0.332085,-0.435544,2,-1264.7662888,-144.100279277746,-89.174109810016,517.423038
Cc1ccc2c(c1)[n+](C)c(-c1c(C)cc(C)c(-c3n(C)c4ccc(C)cc4[n+]3C)c1C)n2C,rmol_62,-1343.82340715375,67,1.76062,438.60706,-668.7332285,-665.2465645,-163.311351,-145.2610385,IV_imid3,Methyl,TMP,Methyl,Hydro,Methyl,1.803016771,7.628118434,1.803016771,0,1.803016771,11.234151976,0.0381445,0.0959275,0.0226495,0.1567215,-0.2577995,0.11818,-0.336017,-0.4756365,2,-1343.31482695,-139.551918037653,-84.0519693502805,501.9352135
Cc1cc2c(cc1C)[n+](C)c(-c1c(C)cc(C)c(-c3n(C)c4cc(C)c(C)cc4[n+]3C)c1C)n2C,rmol_63,-1422.41963271877,73,2.60556,466.66022,-658.1524635,-652.531268,-157.4748645,-139.8735125,IV_imid3,Methyl,TMP,Methyl,Methyl,Methyl,1.803016771,7.628118434,1.803016771,1.803016771,1.803016771,11.234151976,0.0530185,0.1037635,0.021633,0.178415,-0.226672,0.1231505,-0.3383785,-0.4419,2,-1421.85813584,-82.0979903559414,-28.8374155450616,495.0564035
CCCc1cc2c(cc1CCC)[n+](C)c(-c1c(C)cc(C)c(-c3n(C)c4cc(CCC)c(CCC)cc4[n+]3C)c1C)n2C,rmol_64,-1736.77244854835,97,7.6212,578.872859999998,-654.8495845,-649.44368,-159.2969615,-142.233837,IV_imid3,Methyl,TMP,Methyl,Propyl,Propyl,1.803016771,7.628118434,1.803016771,1.649728751,1.649728751,11.234151976,0.0266465,0.062622,0.0264795,0.115748,-0.2940635,0.062945,-0.32981,-0.5609285,2,-1735.99605928,-132.226605966748,-74.7746600795919,490.1467185
Cc1cc(C)c(-c2n(C)c3cc(C(C)(C)C)c(C(C)(C)C)cc3[n+]2C)c(C)c1-c1n(C)c2cc(C(C)(C)C)c(C(C)(C)C)cc2[n+]1C,rmol_65,-1893.86241227712,109,8.68864,634.979179999998,-660.6466885,-655.603103,-158.616957,-139.419301,IV_imid3,Methyl,TMP,Methyl,t-Butyl,t-Butyl,1.803016771,7.628118434,1.803016771,4.972259776,4.972259776,11.234151976,0.02253,0.0895025,0.023094,0.1351265,-0.343142,0.06124,-0.332429,-0.614331,2,-1892.97378052,-138.921599949214,-85.9467139348815,496.986146
CCn1c(-c2c(C)cc(C)c(-c3n(CC)c4ccc(C)cc4[n+]3CC)c2C)[n+](CC)c2cc(C)ccc21,rmol_66,-1501.01012934985,79,1.47829,494.713380000001,-667.1316735,-663.1356625,-164.1646385,-146.723442,IV_imid3,Ethyl,TMP,Ethyl,Hydro,Methyl,1.711067804,7.628118434,1.711067804,0,1.803016771,11.050254042,0.0179575,0.1321765,0.01954,0.169674,-0.3372375,0.174684,-0.266111,-0.4286645,2,-1500.39133575,-32.2121983889788,25.307299520363,498.971024
CCc1cc2c(cc1CC)[n+](C)c(-c1c(C)cc(C)c(-c3n(C)c4cc(CC)c(CC)cc4[n+]3C)c1C)n2C,rmol_67,-1579.59211105863,85,5.77083,522.76654,-658.9348625,-653.8361415,-161.9539675,-143.557089,IV_imid3,Methyl,TMP,Methyl,Ethyl,Ethyl,1.803016771,7.628118434,1.803016771,1.711067804,1.711067804,11.234151976,0.023075,0.075335,0.0236225,0.1220325,-0.3379625,0.0641895,-0.294452,-0.568225,2,-1578.92175118,-140.240039908965,-85.9538027851322,491.882174
CCCc1cc2c(cc1CCC)[n+](CCC)c(-c1c(C)cc(C)c(-c3n(CCC)c4cc(CCC)c(CCC)cc4[n+]3CCC)c1C)n2CCC,rmol_68,-2051.13491089671,121,6.83682,691.085499999997,-653.024862,-646.9232,-162.754745,-141.6798565,IV_imid3,Propyl,TMP,Propyl,Propyl,Propyl,1.649728751,7.628118434,1.649728751,1.649728751,1.649728751,10.927575936,0.021174,0.087606,0.0211405,0.1299205,-0.3255835,0.153789,-0.366206,-0.5380005,2,-2050.14040099,-122.533630893797,-68.7387405996919,484.168455
Cc1cc(C)c(-c2n(C(C)(C)C)c3cc(C(C)(C)C)c(C(C)(C)C)cc3[n+]2C(C)(C)C)c(C)c1-c1n(C(C)(C)C)c2cc(C(C)(C)C)c(C(C)(C)C)cc2[n+]1C(C)(C)C,rmol_69,-2365.33687080645,145,8.70057,803.298139999997,-653.7363725,-652.9329695,-163.762937,-140.942091,IV_imid3,t-Butyl,TMP,t-Butyl,t-Butyl,t-Butyl,4.972259776,7.628118434,4.972259776,4.972259776,4.972259776,17.572637986,0.0285805,0.079715,0.028967,0.1372625,-0.348371,0.10937,-0.3474235,-0.5864245,2,-2364.1222124,-85.1044282297958,-31.5209653497843,489.1700325
Cc1cc(C)c(-c2n(C)c3cc(C(C)(C)C)c(C(C)(C)C)cc3[n+]2C(C)(C)C)c(C)c1-c1n(C)c2cc(C(C)(C)C)c(C(C)(C)C)cc2[n+]1C(C)(C)C,rmol_70,-2129.61100427365,127,7.4412,719.138659999997,-658.081575,-653.6786115,-156.3826565,-136.846311,IV_imid3,Methyl,TMP,t-Butyl,t-Butyl,t-Butyl,1.803016771,7.628118434,4.972259776,4.972259776,4.972259776,14.403394981,0.024677,0.085275,0.0242165,0.1341685,-0.3514095,0.0974965,-0.339976,-0.593889,2,-2128.56116603,-135.231720459921,-85.0821367849451,497.295955
Cc1cc(C)c(-c2n(C)c3cc(-c4ccccc4)c(-c4ccccc4)cc3[n+]2C)c(C)c1-c1n(C)c2cc(-c3ccccc3)c(-c3ccccc3)cc2[n+]1C,rmol_71,-2189.06777046739,101,13.2716,714.937739999998,-621.0436465,-619.119155,-179.3610325,-162.229645,IV_imid3,Methyl,TMP,Methyl,phen,phen,1.803016771,7.628118434,1.803016771,3.620874142,3.620874142,11.234151976,0.0195115,0.077218,0.0209685,0.117698,-0.2709515,0.150866,-0.239426,-0.3595115,2,-2188.30920499,-150.729574627409,-92.4383939592665,439.7581225
Cc1cc(C)c(-c2n(C)c3cc(Cc4ccccc4)c(Cc4ccccc4)cc3[n+]2C)c(C)c1-c1n(C)c2cc(Cc3ccccc3)c(Cc3ccccc3)cc2[n+]1C,rmol_72,-2346.24430755888,113,16.5424,771.044059999998,-649.2257635,-638.5084725,-167.55941,-147.7815185,IV_imid3,Methyl,TMP,Methyl,Bz,Bz,1.803016771,7.628118434,1.803016771,1.541420611,1.541420611,11.234151976,0.027352,0.047905,0.0278535,0.1031105,-0.2707145,0.1390845,-0.2716115,-0.4032415,2,-2345.37841546,-88.0967313658557,-26.8660063605348,470.9490625
Cc1cc(C)c(-c2n(-c3ccccc3)c3cc(-c4ccccc4)c(-c4ccccc4)cc3[n+]2-c2ccccc2)c(C)c1-c1n(-c2ccccc2)c2cc(-c3ccccc3)c(-c3ccccc3)cc2[n+]1-c1ccccc1,rmol_73,-2955.69936317624,129,9.16275,963.215259999999,-623.6008835,-621.8102925,-200.9268895,-185.160762,IV_imid3,phen,TMP,phen,phen,phen,3.620874142,7.628118434,3.620874142,3.620874142,3.620874142,14.869866718,0.030504,0.0509795,0.0311225,0.112606,-0.2851255,0.158992,-0.237556,-0.3636895,2,-2954.73945441,-171.559712680873,-119.017774485767,420.883403
Cc1cc(C)c(-c2n(Cc3ccccc3)c3cc(Cc4ccccc4)c(Cc4ccccc4)cc3[n+]2Cc2ccccc2)c(C)c1-c1n(Cc2ccccc2)c2cc(Cc3ccccc3)c(Cc3ccccc3)cc2[n+]1Cc1ccccc1,rmol_74,-3270.06677068979,153,9.12651,1075.4279,-650.514884,-639.2436125,-178.948829,-158.480431,IV_imid3,Bz,TMP,Bz,Bz,Bz,1.541420611,7.628118434,1.541420611,1.541420611,1.541420611,10.710959656,0.0271035,0.0658745,0.0274805,0.1204585,-0.260959,0.163751,-0.272161,-0.369369,2,-3268.8898535,-157.052089381873,-100.065471460008,460.2947835
Cc1cc(C)c(-c2n(C)c3cc(Cc4ccccc4)c(Cc4ccccc4)cc3[n+]2-c2ccccc2)c(C)c1-c1n(C)c2cc(Cc3ccccc3)c(Cc3ccccc3)cc2[n+]1-c1ccccc1,rmol_75,-2729.5633840148,127,10.36091,895.182819999999,-649.4358035,-648.902827,-179.2350085,-157.551004,IV_imid3,phen,TMP,Methyl,Bz,Bz,3.620874142,7.628118434,1.803016771,1.541420611,1.541420611,13.052009347,0.021031,0.0861415,0.0223955,0.129568,-0.239742,0.205816,-0.270885,-0.304811,2,-2728.59455898,-152.007782439253,-103.877933754824,469.6678185
Cc1cc(C)c(-c2n(C)c3cc(-c4ccccc4)c(-c4ccccc4)cc3[n+]2Cc2ccccc2)c(C)c1-c1n(C)c2cc(-c3ccccc3)c(-c3ccccc3)cc2[n+]1Cc1ccccc1,rmol_76,-2650.98009314785,121,12.30717,867.129659999999,-621.9940775,-619.980319,-184.8693315,-166.1180105,IV_imid3,Bz,TMP,Methyl,phen,phen,1.541420611,7.628118434,1.803016771,3.620874142,3.620874142,10.972555816,0.0210865,0.0698385,0.023228,0.114153,-0.2720105,0.1774225,-0.249617,-0.344205,2,-2650.06814458,-151.814812560602,-93.5002774346151,435.1109875
CCC[n+]1c(-c2c(C)cc(C)c(-c3n(-c4c(OC)cc(OC)cc4OC)c4cc(CC)c(CC)cc4[n+]3CCC)c2C)n(-c2c(OC)cc(OC)cc2OC)c2cc(CC)c(CC)cc21,rmol_77,-2807.0709826868,135,2.06088,883.167499999998,-610.071682,-608.8088165,-170.704759,-158.034096,IV_imid3,TMOB,TMP,Propyl,Ethyl,Ethyl,6.045928531,7.628118434,1.649728751,1.711067804,1.711067804,15.323775716,0.028314,0.06668,0.026396,0.12139,-0.2246435,0.044282,-0.127594,-0.3079555,2,-2806.01500231,-109.357267731886,-46.5719066500501,438.1040575
CCCn1c(-c2c(C)cc(C)c(-c3n(CCC)c4cc(C)c(C)cc4[n+]3CCC)c2C)[n+](CCC)c2cc(C)c(C)cc21,rmol_78,-1736.78297097368,97,2.42627,578.872859999998,-655.403565,-650.567394,-164.3221685,-142.701176,IV_imid3,Propyl,TMP,Propyl,Methyl,Methyl,1.649728751,7.628118434,1.649728751,1.803016771,1.803016771,10.927575936,0.029819,0.041315,0.0297285,0.1008625,-0.345451,0.0799245,-0.345004,-0.6105305,2,-1736.00355712,-136.550679091322,-84.9849407748502,486.2452255
Cc1cc2c(cc1C)[n+](-c1ccccc1)c(-c1c(C)cc(C)c(-c3n(-c4ccccc4)c4cc(C)c(C)cc4[n+]3-c3ccccc3)c1C)n2-c1ccccc1,rmol_79,-2189.05190543624,101,0.71381,714.937739999998,-664.445787,-659.8275325,-186.174205,-159.898201,IV_imid3,phen,TMP,phen,Methyl,Methyl,3.620874142,7.628118434,3.620874142,1.803016771,1.803016771,14.869866718,0.034415,0.04885,0.036503,0.119768,-0.285801,0.186844,-0.249243,-0.3482,2,-2188.2897973,-163.939233554202,-114.775334055428,473.6533275
CCc1cc2c(cc1CC)[n+](Cc1ccccc1)c(-c1c(C)cc(C)c(-c3n(Cc4ccccc4)c4cc(CC)c(CC)cc4[n+]3Cc3ccccc3)c1C)n2Cc1ccccc1,rmol_80,-2503.41483639919,125,3.8145,827.150379999998,-661.190167,-657.5801045,-173.351263,-153.449973,IV_imid3,Bz,TMP,Bz,Ethyl,Ethyl,1.541420611,7.628118434,1.541420611,1.711067804,1.711067804,10.710959656,0.0290045,0.0659685,0.0289725,0.1239455,-0.3629395,0.059386,-0.264145,-0.5676985,2,-2502.4370044,-152.074319133778,-99.0541813694992,484.2288415
